Workbook
Name Slicer_created_date__Year1: #N/A

Sheet Subscription Cohort Data
A1: customer_id | B1: created_date | C1: canceled_date | D1: was_subscription_paid | E1: subscription_cost | F1: subscription_interval | G1: Cancellation Duration | H1: Subscription Weekday | J1: Subcrition Cancel in 1 Day | K1: Tatol no of cancelation of subcription | L1: Tatol no of cancelation of subcription without blank value | M1: Proprtion of 1 daycancel subcription
A2: 154536156 | B2: 44805 | D2: Yes | E2: 39 | F2: month | G2: =IF(C2="", "", DATEDIF(B2, C2, "D")) | H2: =TEXT(B2, "dddd") -> Thursday | J2: =COUNTIF(Table1[Cancellation Duration],1) -> 174 | K2: =COUNT(Table1[Cancellation Duration]) -> 2004 | L2: =COUNT(Table1[Cancellation Duration]) -COUNTBLANK(Table1[Cancellation Duration]) -> 939 | M2: =J2/K2 -> 0.086826347
A3: 149713408 | B3: 44805 | C3: 44806 | D3: No | E3: 39 | F3: month | G3: =IF(C3="", "", DATEDIF(B3, C3, "D")) -> 1 | H3: =TEXT(B3, "dddd") -> Thursday
A4: 153756284 | B4: 44805 | C4: 44806 | D4: No | E4: 39 | F4: month | G4: =IF(C4="", "", DATEDIF(B4, C4, "D")) -> 1 | H4: =TEXT(B4, "dddd") -> Thursday
A5: 121253113 | B5: 44805 | C5: 44827 | D5: Yes | E5: 39 | F5: month | G5: =IF(C5="", "", DATEDIF(B5, C5, "D")) -> 22 | H5: =TEXT(B5, "dddd") -> Thursday
A6: 154467210 | B6: 44805 | C6: 45106 | D6: Yes | E6: 39 | F6: month | G6: =IF(C6="", "", DATEDIF(B6, C6, "D")) -> 301 | H6: =TEXT(B6, "dddd") -> Thursday
A7: 154510811 | B7: 44805 | C7: 45054 | D7: Yes | E7: 39 | F7: month | G7: =IF(C7="", "", DATEDIF(B7, C7, "D")) -> 249 | H7: =TEXT(B7, "dddd") -> Thursday
A8: 154494346 | B8: 44805 | C8: 44891 | D8: Yes | E8: 39 | F8: month | G8: =IF(C8="", "", DATEDIF(B8, C8, "D")) -> 86 | H8: =TEXT(B8, "dddd") -> Thursday
A9: 148671505 | B9: 44805 | C9: 44888 | D9: Yes | E9: 39 | F9: month | G9: =IF(C9="", "", DATEDIF(B9, C9, "D")) -> 83 | H9: =TEXT(B9, "dddd") -> Thursday
A10: 154568379 | B10: 44805 | C10: 44859 | D10: Yes | E10: 39 | F10: month | G10: =IF(C10="", "", DATEDIF(B10, C10, "D")) -> 54 | H10: =TEXT(B10, "dddd") -> Thursday
A11: 154428434 | B11: 44805 | C11: 44865 | D11: Yes | E11: 39 | F11: month | G11: =IF(C11="", "", DATEDIF(B11, C11, "D")) -> 60 | H11: =TEXT(B11, "dddd") -> Thursday
A12: 154601651 | B12: 44805 | C12: 44830 | D12: Yes | E12: 39 | F12: month | G12: =IF(C12="", "", DATEDIF(B12, C12, "D")) -> 25 | H12: =TEXT(B12, "dddd") -> Thursday
A13: 122824692 | B13: 44805 | C13: 44819 | D13: Yes | E13: 39 | F13: month | G13: =IF(C13="", "", DATEDIF(B13, C13, "D")) -> 14 | H13: =TEXT(B13, "dddd") -> Thursday
A14: 152925600 | B14: 44806 | D14: Yes | E14: 39 | F14: month | G14: =IF(C14="", "", DATEDIF(B14, C14, "D")) | H14: =TEXT(B14, "dddd") -> Friday
A15: 151154171 | B15: 44806 | C15: 44806 | D15: Yes | E15: 39 | F15: month | G15: =IF(C15="", "", DATEDIF(B15, C15, "D")) -> 0 | H15: =TEXT(B15, "dddd") -> Friday
A16: 154640950 | B16: 44806 | C16: 44904 | D16: Yes | E16: 39 | F16: month | G16: =IF(C16="", "", DATEDIF(B16, C16, "D")) -> 98 | H16: =TEXT(B16, "dddd") -> Friday
A17: 154617329 | B17: 44806 | C17: 44861 | D17: Yes | E17: 39 | F17: month | G17: =IF(C17="", "", DATEDIF(B17, C17, "D")) -> 55 | H17: =TEXT(B17, "dddd") -> Friday
A18: 154089211 | B18: 44806 | C18: 44843 | D18: Yes | E18: 39 | F18: month | G18: =IF(C18="", "", DATEDIF(B18, C18, "D")) -> 37 | H18: =TEXT(B18, "dddd") -> Friday
A19: 154653820 | B19: 44806 | C19: 44830 | D19: Yes | E19: 39 | F19: month | G19: =IF(C19="", "", DATEDIF(B19, C19, "D")) -> 24 | H19: =TEXT(B19, "dddd") -> Friday
A20: 154131290 | B20: 44807 | D20: Yes | E20: 39 | F20: month | G20: =IF(C20="", "", DATEDIF(B20, C20, "D")) | H20: =TEXT(B20, "dddd") -> Saturday
A21: 154434009 | B21: 44807 | D21: Yes | E21: 39 | F21: month | G21: =IF(C21="", "", DATEDIF(B21, C21, "D")) | H21: =TEXT(B21, "dddd") -> Saturday
A22: 136108848 | B22: 44807 | C22: 44808 | D22: Yes | E22: 39 | F22: month | G22: =IF(C22="", "", DATEDIF(B22, C22, "D")) -> 1 | H22: =TEXT(B22, "dddd") -> Saturday
A23: 135185873 | B23: 44807 | C23: 45056 | D23: Yes | E23: 39 | F23: month | G23: =IF(C23="", "", DATEDIF(B23, C23, "D")) -> 249 | H23: =TEXT(B23, "dddd") -> Saturday
A24: 154592664 | B24: 44807 | C24: 45017 | D24: Yes | E24: 39 | F24: month | G24: =IF(C24="", "", DATEDIF(B24, C24, "D")) -> 210 | H24: =TEXT(B24, "dddd") -> Saturday
A25: 119436804 | B25: 44807 | C25: 45026 | D25: Yes | E25: 39 | F25: month | G25: =IF(C25="", "", DATEDIF(B25, C25, "D")) -> 219 | H25: =TEXT(B25, "dddd") -> Saturday
A26: 152929657 | B26: 44807 | C26: 44888 | D26: Yes | E26: 39 | F26: month | G26: =IF(C26="", "", DATEDIF(B26, C26, "D")) -> 81 | H26: =TEXT(B26, "dddd") -> Saturday
A27: 154708974 | B27: 44807 | C27: 44852 | D27: Yes | E27: 39 | F27: month | G27: =IF(C27="", "", DATEDIF(B27, C27, "D")) -> 45 | H27: =TEXT(B27, "dddd") -> Saturday
A28: 154567722 | B28: 44807 | C28: 44833 | D28: Yes | E28: 39 | F28: month | G28: =IF(C28="", "", DATEDIF(B28, C28, "D")) -> 26 | H28: =TEXT(B28, "dddd") -> Saturday
A29: 154719788 | B29: 44807 | C29: 44829 | D29: Yes | E29: 39 | F29: month | G29: =IF(C29="", "", DATEDIF(B29, C29, "D")) -> 22 | H29: =TEXT(B29, "dddd") -> Saturday
A30: 154809306 | B30: 44808 | C30: 44809 | D30: Yes | E30: 39 | F30: month | G30: =IF(C30="", "", DATEDIF(B30, C30, "D")) -> 1 | H30: =TEXT(B30, "dddd") -> Sunday
A31: 140391539 | B31: 44808 | C31: 45021 | D31: Yes | E31: 39 | F31: month | G31: =IF(C31="", "", DATEDIF(B31, C31, "D")) -> 213 | H31: =TEXT(B31, "dddd") -> Sunday
A32: 153194806 | B32: 44808 | C32: 45032 | D32: Yes | E32: 39 | F32: month | G32: =IF(C32="", "", DATEDIF(B32, C32, "D")) -> 224 | H32: =TEXT(B32, "dddd") -> Sunday
A33: 144402204 | B33: 44808 | C33: 44826 | D33: Yes | E33: 39 | F33: month | G33: =IF(C33="", "", DATEDIF(B33, C33, "D")) -> 18 | H33: =TEXT(B33, "dddd") -> Sunday
... A38: 153368891 | B38: 44808 | C38: 44845 | D38: Yes | E38: 39 | F38: month | G38: =IF(C38="", "", DATEDIF(B38, C38, "D")) -> 37 | H38: =TEXT(B38, "dddd") -> Sunday
A39: 154225450 | B39: 44809 | D39: Yes | E39: 39 | F39: month | G39: =IF(C39="", "", DATEDIF(B39, C39, "D")) | H39: =TEXT(B39, "dddd") -> Monday
A40: 154904040 | B40: 44809 | C40: 44810 | D40: Yes | E40: 39 | F40: month | G40: =IF(C40="", "", DATEDIF(B40, C40, "D")) -> 1 | H40: =TEXT(B40, "dddd") -> Monday
A41: 127604200 | B41: 44809 | C41: 44840 | D41: Yes | E41: 39 | F41: month | G41: =IF(C41="", "", DATEDIF(B41, C41, "D")) -> 31 | H41: =TEXT(B41, "dddd") -> Monday
A42: 154913576 | B42: 44809 | C42: 44998 | D42: Yes | E42: 39 | F42: month | G42: =IF(C42="", "", DATEDIF(B42, C42, "D")) -> 189 | H42: =TEXT(B42, "dddd") -> Monday
A43: 154910432 | B43: 44809 | C43: 44998 | D43: Yes | E43: 39 | F43: month | G43: =IF(C43="", "", DATEDIF(B43, C43, "D")) -> 189 | H43: =TEXT(B43, "dddd") -> Monday
A44: 154911229 | B44: 44809 | C44: 44997 | D44: Yes | E44: 39 | F44: month | G44: =IF(C44="", "", DATEDIF(B44, C44, "D")) -> 188 | H44: =TEXT(B44, "dddd") -> Monday
A45: 154518837 | B45: 44809 | C45: 44929 | D45: Yes | E45: 39 | F45: month | G45: =IF(C45="", "", DATEDIF(B45, C45, "D")) -> 120 | H45: =TEXT(B45, "dddd") -> Monday
A46: 154910009 | B46: 44809 | C46: 44965 | D46: Yes | E46: 39 | F46: month | G46: =IF(C46="", "", DATEDIF(B46, C46, "D")) -> 156 | H46: =TEXT(B46, "dddd") -> Monday
A47: 154911693 | B47: 44809 | C47: 44965 | D47: Yes | E47: 39 | F47: month | G47: =IF(C47="", "", DATEDIF(B47, C47, "D")) -> 156 | H47: =TEXT(B47, "dddd") -> Monday
A48: 154894177 | B48: 44809 | C48: 44907 | D48: Yes | E48: 39 | F48: month | G48: =IF(C48="", "", DATEDIF(B48, C48, "D")) -> 98 | H48: =TEXT(B48, "dddd") -> Monday
A49: 154494026 | B49: 44809 | C49: 44907 | D49: Yes | E49: 39 | F49: month | G49: =IF(C49="", "", DATEDIF(B49, C49, "D")) -> 98 | H49: =TEXT(B49, "dddd") -> Monday
A50: 154245189 | B50: 44809 | C50: 44891 | D50: Yes | E50: 39 | F50: month | G50: =IF(C50="", "", DATEDIF(B50, C50, "D")) -> 82 | H50: =TEXT(B50, "dddd") -> Monday
A51: 154604182 | B51: 44809 | C51: 44853 | D51: Yes | E51: 39 | F51: month | G51: =IF(C51="", "", DATEDIF(B51, C51, "D")) -> 44 | H51: =TEXT(B51, "dddd") -> Monday
... A56: 154863996 | B56: 44809 | C56: 44813 | D56: Yes | E56: 39 | F56: month | G56: =IF(C56="", "", DATEDIF(B56, C56, "D")) -> 4 | H56: =TEXT(B56, "dddd") -> Monday
A57: 154923423 | B57: 44810 | D57: Yes | E57: 39 | F57: month | G57: =IF(C57="", "", DATEDIF(B57, C57, "D")) | H57: =TEXT(B57, "dddd") -> Tuesday
A58: 134664128 | B58: 44810 | D58: Yes | E58: 39 | F58: month | G58: =IF(C58="", "", DATEDIF(B58, C58, "D")) | H58: =TEXT(B58, "dddd") -> Tuesday
A59: 154828806 | B59: 44810 | C59: 44885 | D59: Yes | E59: 39 | F59: month | G59: =IF(C59="", "", DATEDIF(B59, C59, "D")) -> 75 | H59: =TEXT(B59, "dddd") -> Tuesday
A60: 154934030 | B60: 44810 | C60: 44878 | D60: Yes | E60: 39 | F60: month | G60: =IF(C60="", "", DATEDIF(B60, C60, "D")) -> 68 | H60: =TEXT(B60, "dddd") -> Tuesday
A61: 153671424 | B61: 44810 | C61: 44847 | D61: Yes | E61: 39 | F61: month | G61: =IF(C61="", "", DATEDIF(B61, C61, "D")) -> 37 | H61: =TEXT(B61, "dddd") -> Tuesday
A62: 154693818 | B62: 44810 | C62: 44847 | D62: Yes | E62: 39 | F62: month | G62: =IF(C62="", "", DATEDIF(B62, C62, "D")) -> 37 | H62: =TEXT(B62, "dddd") -> Tuesday
A63: 154110938 | B63: 44810 | C63: 44830 | D63: Yes | E63: 39 | F63: month | G63: =IF(C63="", "", DATEDIF(B63, C63, "D")) -> 20 | H63: =TEXT(B63, "dddd") -> Tuesday
A64: 154809306 | B64: 44810 | C64: 44832 | D64: Yes | E64: 39 | F64: month | G64: =IF(C64="", "", DATEDIF(B64, C64, "D")) -> 22 | H64: =TEXT(B64, "dddd") -> Tuesday
A65: 154537244 | B65: 44811 | D65: Yes | E65: 39 | F65: month | G65: =IF(C65="", "", DATEDIF(B65, C65, "D")) | H65: =TEXT(B65, "dddd") -> Wednesday
A66: 154163218 | B66: 44811 | D66: Yes | E66: 39 | F66: month | G66: =IF(C66="", "", DATEDIF(B66, C66, "D")) | H66: =TEXT(B66, "dddd") -> Wednesday
A67: 129467426 | B67: 44811 | C67: 45071 | D67: Yes | E67: 39 | F67: month | G67: =IF(C67="", "", DATEDIF(B67, C67, "D")) -> 260 | H67: =TEXT(B67, "dddd") -> Wednesday
A68: 152498330 | B68: 44811 | C68: 44979 | D68: Yes | E68: 39 | F68: month | G68: =IF(C68="", "", DATEDIF(B68, C68, "D")) -> 168 | H68: =TEXT(B68, "dddd") -> Wednesday
A69: 125335731 | B69: 44811 | C69: 44818 | D69: Yes | E69: 39 | F69: month | G69: =IF(C69="", "", DATEDIF(B69, C69, "D")) -> 7 | H69: =TEXT(B69, "dddd") -> Wednesday
A70: 155113805 | B70: 44812 | D70: Yes | E70: 39 | F70: month | G70: =IF(C70="", "", DATEDIF(B70, C70, "D")) | H70: =TEXT(B70, "dddd") -> Thursday
A71: 148864769 | B71: 44812 | C71: 44862 | D71: Yes | E71: 39 | F71: month | G71: =IF(C71="", "", DATEDIF(B71, C71, "D")) -> 50 | H71: =TEXT(B71, "dddd") -> Thursday
A72: 123850281 | B72: 44812 | C72: 44849 | D72: Yes | E72: 39 | F72: month | G72: =IF(C72="", "", DATEDIF(B72, C72, "D")) -> 37 | H72: =TEXT(B72, "dddd") -> Thursday
A73: 155167073 | B73: 44812 | C73: 44840 | D73: Yes | E73: 39 | F73: month | G73: =IF(C73="", "", DATEDIF(B73, C73, "D")) -> 28 | H73: =TEXT(B73, "dddd") -> Thursday
A74: 153684891 | B74: 44812 | C74: 44813 | D74: Yes | E74: 39 | F74: month | G74: =IF(C74="", "", DATEDIF(B74, C74, "D")) -> 1 | H74: =TEXT(B74, "dddd") -> Thursday
A75: 131277340 | B75: 44813 | C75: 44986 | D75: Yes | E75: 39 | F75: month | G75: =IF(C75="", "", DATEDIF(B75, C75, "D")) -> 173 | H75: =TEXT(B75, "dddd") -> Friday
A76: 152027172 | B76: 44813 | C76: 44897 | D76: Yes | E76: 39 | F76: month | G76: =IF(C76="", "", DATEDIF(B76, C76, "D")) -> 84 | H76: =TEXT(B76, "dddd") -> Friday
A77: 155212612 | B77: 44813 | C77: 44868 | D77: Yes | E77: 39 | F77: month | G77: =IF(C77="", "", DATEDIF(B77, C77, "D")) -> 55 | H77: =TEXT(B77, "dddd") -> Friday
A78: 155188498 | B78: 44813 | C78: 44843 | D78: Yes | E78: 39 | F78: month | G78: =IF(C78="", "", DATEDIF(B78, C78, "D")) -> 30 | H78: =TEXT(B78, "dddd") -> Friday
A79: 155145336 | B79: 44813 | C79: 44837 | D79: Yes | E79: 39 | F79: month | G79: =IF(C79="", "", DATEDIF(B79, C79, "D")) -> 24 | H79: =TEXT(B79, "dddd") -> Friday
A80: 152506474 | B80: 44813 | C80: 44850 | D80: Yes | E80: 39 | F80: month | G80: =IF(C80="", "", DATEDIF(B80, C80, "D")) -> 37 | H80: =TEXT(B80, "dddd") -> Friday
A81: 118029150 | B81: 44813 | C81: 45154 | D81: Yes | E81: 39 | F81: month | G81: =IF(C81="", "", DATEDIF(B81, C81, "D")) -> 341 | H81: =TEXT(B81, "dddd") -> Friday
A82: 155245796 | B82: 44814 | D82: Yes | E82: 39 | F82: month | G82: =IF(C82="", "", DATEDIF(B82, C82, "D")) | H82: =TEXT(B82, "dddd") -> Saturday
A83: 155326259 | B83: 44814 | C83: 44978 | D83: Yes | E83: 39 | F83: month | G83: =IF(C83="", "", DATEDIF(B83, C83, "D")) -> 164 | H83: =TEXT(B83, "dddd") -> Saturday
A84: 155311918 | B84: 44814 | C84: 44907 | D84: Yes | E84: 39 | F84: month | G84: =IF(C84="", "", DATEDIF(B84, C84, "D")) -> 93 | H84: =TEXT(B84, "dddd") -> Saturday
A85: 154391473 | B85: 44814 | C85: 44846 | D85: Yes | E85: 39 | F85: month | G85: =IF(C85="", "", DATEDIF(B85, C85, "D")) -> 32 | H85: =TEXT(B85, "dddd") -> Saturday
A86: 155283495 | B86: 44814 | C86: 44842 | D86: Yes | E86: 39 | F86: month | G86: =IF(C86="", "", DATEDIF(B86, C86, "D")) -> 28 | H86: =TEXT(B86, "dddd") -> Saturday
A87: 154597373 | B87: 44814 | C87: 44840 | D87: Yes | E87: 39 | F87: month | G87: =IF(C87="", "", DATEDIF(B87, C87, "D")) -> 26 | H87: =TEXT(B87, "dddd") -> Saturday
A88: 155370310 | B88: 44815 | C88: 45062 | D88: Yes | E88: 39 | F88: month | G88: =IF(C88="", "", DATEDIF(B88, C88, "D")) -> 247 | H88: =TEXT(B88, "dddd") -> Sunday
A89: 155289120 | B89: 44815 | C89: 44972 | D89: Yes | E89: 39 | F89: month | G89: =IF(C89="", "", DATEDIF(B89, C89, "D")) -> 157 | H89: =TEXT(B89, "dddd") -> Sunday
A90: 155351408 | B90: 44815 | C90: 44906 | D90: Yes | E90: 39 | F90: month | G90: =IF(C90="", "", DATEDIF(B90, C90, "D")) -> 91 | H90: =TEXT(B90, "dddd") -> Sunday
A91: 155336773 | B91: 44815 | C91: 44919 | D91: Yes | E91: 39 | F91: month | G91: =IF(C91="", "", DATEDIF(B91, C91, "D")) -> 104 | H91: =TEXT(B91, "dddd") -> Sunday
A92: 155017581 | B92: 44815 | C92: 44867 | D92: Yes | E92: 39 | F92: month | G92: =IF(C92="", "", DATEDIF(B92, C92, "D")) -> 52 | H92: =TEXT(B92, "dddd") -> Sunday
A93: 154401329 | B93: 44815 | C93: 44849 | D93: Yes | E93: 39 | F93: month | G93: =IF(C93="", "", DATEDIF(B93, C93, "D")) -> 34 | H93: =TEXT(B93, "dddd") -> Sunday
A94: 155334828 | B94: 44815 | C94: 44845 | D94: Yes | E94: 39 | F94: month | G94: =IF(C94="", "", DATEDIF(B94, C94, "D")) -> 30 | H94: =TEXT(B94, "dddd") -> Sunday
... A110: 153577096 | B110: 44818 | C110: 44855 | D110: Yes | E110: 39 | F110: month | G110: =IF(C110="", "", DATEDIF(B110, C110, "D")) -> 37 | H110: =TEXT(B110, "dddd") -> Wednesday
A111: 154937101 | B111: 44819 | D111: Yes | E111: 39 | F111: month | G111: =IF(C111="", "", DATEDIF(B111, C111, "D")) | H111: =TEXT(B111, "dddd") -> Thursday
A112: 144968444 | B112: 44819 | C112: 44819 | D112: No | E112: 39 | F112: month | G112: =IF(C112="", "", DATEDIF(B112, C112, "D")) -> 0 | H112: =TEXT(B112, "dddd") -> Thursday
A113: 155270889 | B113: 44819 | C113: 44991 | D113: Yes | E113: 39 | F113: month | G113: =IF(C113="", "", DATEDIF(B113, C113, "D")) -> 172 | H113: =TEXT(B113, "dddd") -> Thursday
A114: 155601465 | B114: 44819 | C114: 45078 | D114: Yes | E114: 39 | F114: month | G114: =IF(C114="", "", DATEDIF(B114, C114, "D")) -> 259 | H114: =TEXT(B114, "dddd") -> Thursday
A115: 154045370 | B115: 44819 | C115: 44893 | D115: Yes | E115: 39 | F115: month | G115: =IF(C115="", "", DATEDIF(B115, C115, "D")) -> 74 | H115: =TEXT(B115, "dddd") -> Thursday
A116: 155612742 | B116: 44819 | C116: 44873 | D116: Yes | E116: 39 | F116: month | G116: =IF(C116="", "", DATEDIF(B116, C116, "D")) -> 54 | H116: =TEXT(B116, "dddd") -> Thursday
A117: 155621162 | B117: 44819 | C117: 44879 | D117: Yes | E117: 39 | F117: month | G117: =IF(C117="", "", DATEDIF(B117, C117, "D")) -> 60 | H117: =TEXT(B117, "dddd") -> Thursday
A118: 154904040 | B118: 44819 | C118: 44856 | D118: Yes | E118: 39 | F118: month | G118: =IF(C118="", "", DATEDIF(B118, C118, "D")) -> 37 | H118: =TEXT(B118, "dddd") -> Thursday
A119: 150810434 | B119: 44819 | C119: 44846 | D119: Yes | E119: 39 | F119: month | G119: =IF(C119="", "", DATEDIF(B119, C119, "D")) -> 27 | H119: =TEXT(B119, "dddd") -> Thursday
A120: 150825802 | B120: 44819 | C120: 44847 | D120: Yes | E120: 39 | F120: month | G120: =IF(C120="", "", DATEDIF(B120, C120, "D")) -> 28 | H120: =TEXT(B120, "dddd") -> Thursday
A121: 151907203 | B121: 44819 | C121: 44845 | D121: Yes | E121: 39 | F121: month | G121: =IF(C121="", "", DATEDIF(B121, C121, "D")) -> 26 | H121: =TEXT(B121, "dddd") -> Thursday
A122: 149595273 | B122: 44819 | C122: 44833 | D122: Yes | E122: 39 | F122: month | G122: =IF(C122="", "", DATEDIF(B122, C122, "D")) -> 14 | H122: =TEXT(B122, "dddd") -> Thursday
A123: 155596960 | B123: 44819 | C123: 44827 | D123: Yes | E123: 39 | F123: month | G123: =IF(C123="", "", DATEDIF(B123, C123, "D")) -> 8 | H123: =TEXT(B123, "dddd") -> Thursday
...

Sheet Data Description
B2: Field | C2: Description
A3: a | B3: customer_id | C3: Unique customer identification number representing an individual customer
A4: b | B4: created_date | C4: Date the customer subscription was created (DD/MM/YYYY).
A5: c | B5: canceled_date | C5: Date the customer subscription was canceled (DD/MM/YYYY). If value is blank then the subscription has not been canceled
A6: d | B6: subscription_cost | C6: Price of the subscription in USD
A7: e | B7: subscription_interval | C7: Measurement of time between billing occurrences for a recurring billing subscription
A8: f | B8: was_subscription_paid | C8: Indicates if payment was successfully collected for a subscription

Sheet Requirements
A32: Expected Dashboard

Sheet dashbord_feeder
A3: 1. Create a bar chart showing the number of new subscriptions per month for year 2022.
D8: Title | E8: Column Labels
D9: Number of new subcription in month | E9: 2022
D12: =_xlfn.TEXTJOIN(" ",TRUE,D9:G9) -> Number of new subcription in month 2022
B15: Row Labels | C15: Count of customer_id
B16: Sep | C16: 217
B17: Oct | C17: 196
B18: Nov | C18: 189
B19: Dec | C19: 230
B20: Grand Total | C20: 832
A25: 2. Make it Pie chart and Determine the percentage of paid vs. unpaid subscriptions.
B28: Row Labels | C28: Count of was_subscription_paid
B29: No | C29: 0.043336592
B30: Yes | C30: 0.95666341
B31: Grand Total | C31: 1
A35: 3 | B35: Subscription by Day Pivot Table
B37: Row Labels | C37: Count of customer_id
B38: Sunday | C38: 306
B39: Saturday | C39: 308
B40: Friday | C40: 452
B41: Thursday | C41: 505
B42: Wednesday | C42: 472
B43: Tuesday | C43: 487
B44: Monday | C44: 539
B45: Grand Total | C45: 3069
A51: 4 | B51: Subscrition over the time
B53: Row Labels | C53: Count of customer_id
C54: 1065
B55: 2022 | C55: 346
B56: 2023 | C56: 1658
B57: Grand Total | C57: 3069
A61: 5 | B61: Total no of suscription
B63: Row Labels | C63: Count of customer_id
B64: 2022 | C64: 832
B65: 2023 | C65: 2237
B66: Grand Total | C66: 3069
A71: 6 | B71: Total no of subscription cancel
B73: Count of canceled_date
B74: 2004
A79: 7 | B79: paid and unpiad subscription
B81: Row Labels | C81: Count of was_subscription_paid
B82: No | C82: 0.043336592
B83: Yes | C83: 0.95666341
B84: Grand Total | C84: 1

Sheet Data_Analytics_Task
A3: Data Analysis Tasks:
A4: 1. Calculate the total number of subscriptions and cancellations.
B5: No. Of Subscriptions | D5: No. Of Cancellations
B6: =COUNTA('Subscription Cohort Data'!A2:A3070)-COUNTBLANK('Subscription Cohort Data'!A2:A3070) -> 3069 | D6: =COUNT('Subscription Cohort Data'!C2:C3070)-COUNTBLANK('Subscription Cohort Data'!C2:C3070) -> 939
A8: 2. Determine the percentage of paid vs. unpaid subscriptions.
B10: Paid Subscription | C10: Unpaid Subscription
B11: =COUNTIF(Table1[was_subscription_paid], "Yes") -> 2936 | C11: =COUNTIF(Table1[was_subscription_paid], "No") -> 133
B13: Paid Subscrition | C13: Unpaid Subscrition
B14: =B11/B6*100 -> 95.666341 | C14: =C11/B6*100 -> 4.3336592
A18: 3. Analyze the average subscription duration before cancellation.
B19: =AVERAGE(Table1[Cancellation Duration] ) -> 58.374251
A20: 4. Identify the date with the highest number of new subscriptions.
B22: Row Labels | C22: Count of created_date
B23: 44879 | C23: 20
B24: Grand Total | C24: 20
A27: 5. Find the proportion of subscriptions that were canceled within one day. | F27: ='Subscription Cohort Data'!J2/'Subscription Cohort Data'!K2 -> 0.086826347

Sheet Dashboard

Sheet Question_Analysis
A2: Questions for Analysis:
B4: 1. Which date had the highest number of subscriptions cancellations?
D6: Row Labels | E6: Count of canceled_date
D7: 45104 | E7: 14
D8: Grand Total | E8: 14
B10: 2. How many subscriptions were canceled on the same day they were created?
D13: {=MAX(_xlfn._xlws.FILTER(Table1[canceled_date], Table1[created_date]=Table1[canceled_date]))} -> 45172 | E13: =COUNTIF(Table1[canceled_date],D13) -> 10
B16: 3. What is the cancellation rate within the first two days of subscription? | F16: =COUNTIFS(Table1[Cancellation Duration], "<=2") / COUNTA(Table1[canceled_date]) -> 0.14620758
B18: 4. How many subscriptions lasted more than one month? | F18: =COUNTIFS(Table1[Cancellation Duration], ">30") -> 1267
B20: 5. What is the most common duration before cancellation?
D22: Subcrition Cancel in 1 Day | E22: =COUNTIF(Table1[Cancellation Duration],1) -> 174
B24: 6. How does the number of subscriptions vary by day?
C26: Row Labels | D26: Count of customer_id
C27: Monday | D27: 539
C28: Grand Total | D28: 539
B32: 7. Are there any indications that unpaid subscriptions have a higher cancellation rate?
C34: Data | D34: Value | F34: Paid Cancellation Rate | G34: Unpaid Cancellation Rate:
C35: Total Subscriptions | D35: =COUNTA('Subscription Cohort Data'!A2:A3070)-COUNTBLANK('Subscription Cohort Data'!A2:A3070) -> 3069 | F35: =D38/D37 -> 0.27792916 | G35: =D40/D39 -> 0.92481203
C36: Total Cancellations | D36: =COUNT('Subscription Cohort Data'!C2:C3070)-COUNTBLANK('Subscription Cohort Data'!C2:C3070) -> 939
C37: Paid Subscriptions | D37: =COUNTIF(Table1[was_subscription_paid], "Yes") -> 2936
C38: Paid Cancellations - Unpaid Cancellation → Because 939 - 133 = 806) | D38: =D36-D40 -> 816
C39: Unpaid Subscriptions | D39: =COUNTIF(Table1[was_subscription_paid], "No") -> 133
C40: Unpaid Cancellations | D40: =COUNTIFS('Subscription Cohort Data'!D2:D3070,"No",'Subscription Cohort Data'!C2:C3070,"<>") -> 123
C42: Yes, unpaid subscriptions clearly have a much higher cancellation rate (92%) compared to paid subscriptions (28%).
